domain,average_ammount,average_unique
google,13.748114372333532,58328
facebook,1.5656882999401,21606
amazon,1.174541275992323,11716
